{"initial_reset_timestamp": 1582668421.22195, "timestamps": [1582668429.1091552], "episode_lengths": [200], "episode_rewards": [200.0], "episode_types": ["t"]}