{"initial_reset_timestamp": 1582668389.680801, "timestamps": [1582668391.327181], "episode_lengths": [28], "episode_rewards": [28.0], "episode_types": ["t"]}