{"initial_reset_timestamp": 1582669178.6276212, "timestamps": [1582669184.209177], "episode_lengths": [200], "episode_rewards": [200.0], "episode_types": ["t"]}