{"initial_reset_timestamp": 1582669148.7464142, "timestamps": [1582669150.082386], "episode_lengths": [11], "episode_rewards": [11.0], "episode_types": ["t"]}