{"initial_reset_timestamp": 1582669228.87359, "timestamps": [1582669235.348023], "episode_lengths": [200], "episode_rewards": [200.0], "episode_types": ["t"]}