{"initial_reset_timestamp": 1582669196.399144, "timestamps": [1582669197.683124], "episode_lengths": [11], "episode_rewards": [11.0], "episode_types": ["t"]}