{"initial_reset_timestamp": 1582668778.466054, "timestamps": [1582668782.637076], "episode_lengths": [143], "episode_rewards": [143.0], "episode_types": ["t"]}