{"initial_reset_timestamp": 1582668747.2015831, "timestamps": [1582668749.185287], "episode_lengths": [28], "episode_rewards": [28.0], "episode_types": ["t"]}