{"initial_reset_timestamp": 1582668319.185245, "timestamps": [1582668321.9651341], "episode_lengths": [34], "episode_rewards": [34.0], "episode_types": ["t"]}