{"initial_reset_timestamp": 1582651881.278544, "timestamps": [1582651883.112874], "episode_lengths": [12], "episode_rewards": [12.0], "episode_types": ["t"]}