{"initial_reset_timestamp": 1582602482.248951, "timestamps": [1582602484.312169], "episode_lengths": [12], "episode_rewards": [12.0], "episode_types": ["t"]}