{"initial_reset_timestamp": 1582602514.923823, "timestamps": [1582602515.625273], "episode_lengths": [14], "episode_rewards": [14.0], "episode_types": ["t"]}