{"initial_reset_timestamp": 1582669434.846865, "timestamps": [1582669435.9506612], "episode_lengths": [12], "episode_rewards": [12.0], "episode_types": ["t"]}