{"initial_reset_timestamp": 1582603389.1943731, "timestamps": [1582603389.822576], "episode_lengths": [14], "episode_rewards": [14.0], "episode_types": ["t"]}