{"initial_reset_timestamp": 1582669414.579346, "timestamps": [1582669415.074222], "episode_lengths": [14], "episode_rewards": [14.0], "episode_types": ["t"]}