{"initial_reset_timestamp": 1582669385.2540102, "timestamps": [1582669386.746824], "episode_lengths": [12], "episode_rewards": [12.0], "episode_types": ["t"]}